INSERT INTO user (login, password, grade) VALUES
('Pierre','POCHERON',1),
('Dylan','ANTONIOTTI',1),
('Martin','KHAPHERIAN',1),
('Manahel','BOUCHKARA',1),
('root','root',2),
('user','user',2);


INSERT INTO product (code, brand, model, price, image, quantity, type, color, colorBrand, description, rgb) VALUES
('CLA-LOG','Logitech','G513 Carbone',139,'Logitech/G513_Carbone.jpg',15,'clavier','noir','bleu','Mélange parfait de performances, de technologies et d''une conception d''une qualité inégalée, le clavier G513 est un clavier gaming mécanique RVB équipé des switches mécaniques tactiles GX Brown plébiscités par les professionnels d''eSports du monde entier.',TRUE),
('CLA-LOG','Logitech','G PRO',160,'Logitech/G_PRO.jpg',13,'clavier','noir','bleu','Foncez vers la victoire avec ce clavier Logitech G Pro. Au format TKL (sans pavé numérique), il est spécialement adapté pour les tournois et les parties endiablées. Ce clavier gaming est équipé des switches mécaniques tactiles avancés GX Blue pour un retour audible et tactile.',TRUE),
('CLA-LOG','Logitech','G915 Lightspeed Carbone',249,'Logitech/G915_Lightspeed_Carbone.jpg',12,'clavier','noir','bleu','Rigoureusement conçu à partir de matériaux premium, le clavier Logitech G915 Lightspeed est doté d''un design sophistiqué, d''une robustesse à toute épreuve et de performances sans précédent. Équipé de la technologie sans fil Lightspeed, vous bénéficiez d''une réactivité extrêmement rapide.',TRUE),
('CLA-LOG','Logitech','G915 Tenkeyless Lightspeed Carbone',229,'Logitech/G915_Tenkeyless_Lightspeed_Carbone.jpg',11,'clavier','noir','bleu','Rigoureusement conçu à partir de matériaux premium, le clavier Logitech G915 TKL Lightspeed est doté d''un design sophistiqué, d''une robustesse à toute épreuve et de performances sans précédent. Équipé de la technologie sans fil Lightspeed, vous bénéficiez d''une réactivité extrêmement rapide.',TRUE),
('CLA-LOG','Logitech','G815 Carbone',199,'Logitech/G815_Carbone.jpg',22,'clavier','noir','bleu','Conçu pour des sessions de jeu hautes performances grâce à ses switches GL Tactile, le clavier Logitech G815 Carbone vous aidera à atteindre les sommets. Entièrement personnalisable, il est équipé de la technologie RGB Lightsync et de touches G dédiées.',TRUE),
('CLA-LOG','Logitech','G910 Orion Spectrum',179,'Logitech/G910_Orion_Spectrum.jpg',2,'clavier','noir','bleu','Avec le Logitech G910 Orion Spectrum RGB, vous bénéficiez du clavier mécanique le plus rapide du marché. Pour cela, il s''appuie sur des switchs mécaniques Romer-G qui offrent une réactivité inédite jusqu''à + 25% et une résistance accrue autorisant plus de 70 millions de frappes !',TRUE),
('CLA-LOG','Logitech','Craft',189,'Logitech/Craft.jpg',3,'clavier','noir','bleu','Unique en son genre, le clavier Bluetooth Logitech Craft vous offre une expérience de frappe unique et vous permettra d''exprimer pleinement votre créativité. Disposant d''une molette de contrôle contextuelle, cette dernière s''adapte à l''application que vous utilisez.',FALSE),

('CLA-COR','Corsair','K68',84,'Corsair/K68.jpg',4,'clavier','noir','jaune','Le clavier mécanique CORSAIR K68 RGB va vous mener jusqu''à la victoire ! Doté de switches 100 % CHERRY MX Red et de la technologie 100 % anti-ghosting avec rollover complet, ce clavier gamer assure une frappe précise et réactive avec un rétroéclairage dynamique RGB.',TRUE),
('CLA-COR','Corsair','K55',70,'Corsair/K55.jpg',12,'clavier','noir','jaune','Pour aligner les victoires et construire votre réputation, le clavier Corsair Gaming K55 RGB est le partenaire rêvé. Avec ses touches silencieuses et ses 6 touches macros, vous avez à votre disposition une surface de jeu idéale et performante.',TRUE),
('CLA-COR','Corsair','K57',109,'Corsair/K57.jpg',7,'clavier','noir','jaune','Optez pour un clavier gaming polyvalent avec le Corsair K57 pour une expérience de jeu agréable au quotidien. interrupteurs à membrane silencieux et réactifs, mode de fonctionnement hybride (filaire ou sans fil) ainsi qu''un système RGB avancé sont de la partie !',TRUE),
('CLA-COR','Corsair','K100',270,'Corsair/K100.jpg',1,'clavier','noir','jaune','Prenez le dessus sur vos adversaires grâce au clavier Corsair K100. Avec son design en aluminium, il offre une expérience de jeu agréable au quotidien. Il embarque notamment des switches optiques Corsair OPX ainsi qu''un rétroéclairage RGB par touche pour donner vie à votre clavier.',TRUE),
('CLA-COR','Corsair','K60',159,'Corsair/K60.jpg',2,'clavier','noir','jaune','A la fois stylé et performant, le Corsair K60 RGB Pro est le clavier idéal pour foncer vers la victoire. Avec son design en aluminium, il offre une expérience de jeu agréable au quotidien. Il embarque notamment des switches Cherry Viola ainsi qu''un rétroéclairage RGB par touche.',TRUE),
('CLA-COR','Corsair','K83',129,'Corsair/K83.jpg',3,'clavier','noir','jaune','Le clavier Corsair K83 Wireless AZERTY Noir vous permet d''accéder au meilleur du divertissement sans quitter votre canapé. Le K83 de Corsair propose un pavé tactile et un joystick pour une expérience intuitive et multi-supports grâce à sa compatibilité avec de nombreux systèmes d''exploitation.',TRUE),

('CLA-MIL','Millenium','Touch 2',62,'Millenium/Touch_2.jpg',7,'clavier','noir','violet','Le Touch 2 de Millenium est un clavier mécanique qui offre une frappe beaucoup plus rapide, sensible et précise afin de vous faire connaitre un plaisir de jeu incomparable. Il est doté d''interrupteurs mécaniques rouges qui peuvent supporter jusqu''à 50 millions de frappes.',TRUE),
('CLA-MIL','Millenium','Touch 2 Mini',59,'Millenium/Touch_2_Mini.jpg',9,'clavier','noir','violet','Le Touch 2 Mini de Millenium est un clavier mécanique compact qui offre une frappe beaucoup plus rapide, sensible et précise afin de vous faire connaitre un plaisir de jeu incomparable. Il est doté d''interrupteurs mécaniques rouges qui peuvent supporter jusqu''à 50 millions de frappes.',TRUE),

('CLA-STE','SteelSeries','Apex Pro TKL',239,'SteelSeries/Apex_Pro_TKL.jpg',16,'clavier','noir','orange','Véritable bond en avant, le clavier SteelSeries Apex Pro TKL vous permet de régler chaque touche en fonction de votre niveau de sensibilité préféré, que ce soit pour le gaming, le travail ou autre chose. Plus rapide et résistant que jamais, il sera l''arme ultime pour remporter des victoires.',TRUE),
('CLA-STE','SteelSeries','Apex Pro',259,'SteelSeries/Apex_Pro.jpg',12,'clavier','noir','orange','Véritable bond en avant, le clavier SteelSeries Apex Pro vous permet de régler chaque touche en fonction de votre niveau de sensibilité préféré, que ce soit pour le gaming, le travail ou autre chose. Plus rapide et résistant que jamais, il sera l''arme ultime pour remporter des victoires.',TRUE),
('CLA-STE','SteelSeries','Apex 7 TKL',179,'SteelSeries/Apex_7_TKL.jpg',5,'clavier','noir','orange','Arborant un look moderne et élégant grâce à sa structure en aluminium, le SteelSeries Apex 7 deviendra la pièce centrale de votre installation gaming. Optimisé pour le jeu, il est doté des switches SteelSeries QX2 qui pourront subir jusqu''à 50 millions de pressions.',TRUE),
('CLA-STE','SteelSeries','Apex 5',149,'SteelSeries/Apex_5.jpg',8,'clavier','noir','orange','Proposant des caractéristiques premium, le SteelSeries Apex 5 vous aide à prendre le dessus sur vos adversaires. Équipé de switches mécaniques hybrides, il offre des performances inégalées pour faire de vous le numéro un.',TRUE),
('CLA-STE','SteelSeries','Apex 3',89,'SteelSeries/Apex_3.jpg',4,'clavier','noir','orange','Profitez de performances garanties grâce au SteelSeries Apex 3. Doté d''interrupteurs à membranes à friction réduite, il vous offre une utilisation sans bruit et une durabilité accrue. De plus, avec son rétroéclairage Prism RGB sur 10 zones, donnez vie à votre clavier.',TRUE),

('CLA-RAZ','Razer','Blackwidow V3 TKL',119,'Razer/Blackwidow_V3_TKL.jpg',2,'clavier','noir','vert','Conçu spécifiquement pour le jeu, le Razer BlackWidow V3 TKL est un clavier compact armé de switches Razer Green afin de vous offrir une exécution précise avec une sensation tactile. Prenez ainsi facilement le dessus sur vos adversaires lors de duels.',TRUE),
('CLA-RAZ','Razer','Blackwidow V3 PRO',254,'Razer/Blackwidow_V3_PRO.jpg',11,'clavier','noir','vert','Conçu spécifiquement pour le jeu, le Razer BlackWidow V3 Pro dispose de 3 modes de connexion pour une polyvalence inégalée. Pouvant se connecter via RF 2,4 GHz, Bluetooth 5.0 ou en mode filaire, il vous fait vivre une incroyable expérience de jeu grâce notamment à ses switches Razer Green.',TRUE),
('CLA-RAZ','Razer','Blackwidow V3',159,'Razer/Blackwidow_V3.jpg',7,'clavier','noir','vert','Conçu spécifiquement pour le jeu, le Razer BlackWidow V3 est un clavier compact armé de switches Razer Green afin de vous offrir une exécution précise avec une sensation tactile. Prenez ainsi facilement le dessus sur vos adversaires lors de duels.',TRUE),
('CLA-RAZ','Razer','Huntsman Elite',239,'Razer/Huntsman_Elite.jpg',8,'clavier','noir','vert','Le clavier pour gamer Razer Huntsman Elite est équipé des meilleurs composants que vous pouvez trouver dans un clavier. Ne laissez plus jamais un adversaire prendre le dessus grâce aux touches opto-mécaniques Razer.',TRUE),
('CLA-RAZ','Razer','Huntsman',164,'Razer/Huntsman.jpg',6,'clavier','noir','vert','Ne laissez plus jamais un adversaire s''échapper avec le Razer Huntsman. Ce clavier gamer révolutionnera votre façon de jouer grâce aux touches opto-mécaniques Razer. Ces dernières disposent d''un capteur de lumière optique intégré qui actionne instantanément la order de la touche.',TRUE),

('CLA-DUC','Ducky Channel','One 2 Mini',119,'Ducky_Channel/One_2_Mini.jpg',5,'clavier','noir','jaune','60% plus compact que la version classique, le Ducky Channel One 2 Mini RGB dispose de tous les avantages d''une clavier traditionnel le tout dans un format réduit. Ce clavier gamer vous promet la victoire et vous offre notamment une prise en main idéale pour cela.',TRUE),
('CLA-DUC','Ducky Channel','Mecha Mini (Cherry MX RGB Black)',159,'Ducky_Channel/Mecha_Mini_Cherry_Black.jpg',5,'clavier','noir','jaune','Conçu pour vous offrir la meilleure expérience en termes de durabilité et de frappe, le Ducky Channel Mecha Mini ne laisse personne indifférent. Ce clavier gamer vous met dans les conditions idéales pour décrocher de nombreuses victoires et vous offre notamment une prise en main idéale pour cela.',TRUE),
('CLA-DUC','Ducky Channel','One 2 SF RGB (Cherry MX RGB Speed Silver)',139,'Ducky_Channel/One_2_SF_Cherry_Speed_Silver.jpg',5,'clavier','noir','jaune','Meilleure arme pour le succès, le clavier Ducky Channel One 2 SF deviendra vite indispensable à votre carrière de joueur. Avec son format compact réduit à 65%, il dit adieu au surplus des autres claviers en gardant uniquement l''essentiel pour vous permettre de remporter de nombreuses batailles.',TRUE),
('CLA-DUC','Ducky Channel','MIYA Pro Moonlight (Cherry MX Black)',139,'Ducky_Channel/MIYA_Pro_Moonlight_Cherry_Black.jpg',5,'clavier','noir','jaune','Douceur et efficacité, voici des mots qui caractérisent parfaitement le clavier Ducky Channel MIYA Pro Moonlight. Son design gris accueille des touches PBT résistantes et durables, un rétroéclairage blanc et des switches Cherry MX Black.',TRUE),
('CLA-DUC','Ducky Channel','One 2 Backlit (coloris blanc - Cherry MX Blue - LEDs blanches)',139,'Ducky_Channel/One_2_Backlit_Cherry_Blue.jpg',5,'clavier','blanc','jaune','Le clavier mécanique Ducky Channel One 2 Backlit vous propose une qualité supérieure pour remporter de précieuses victoires. Il se pare de switches Cherry MX Blue, de touches PBT résistantes et durables et d''un rétro-éclairage blanc personnalisable.',TRUE),
('CLA-DUC','Ducky Channel','One 2 Horizon (Cherry MX Brown)',119,'Ducky_Channel/One_2_Horizon_Cherry_Brown.jpg',5,'clavier','bleu','jaune','Equipez-vous avec un clavier mécanique des plus performants pour jouer la victoire. Le clavier Ducky Channel One 2 Horizon vous proposera un confort de jeu supérieur avec ses touches PBT, ses switches Cherry MX Brown et son système anti-ghosting N-Key Rollover.',TRUE),
('CLA-DUC','Ducky Channel','One 2 Mini RGB Blanc (Cherry MX RGB Black)',119,'Ducky_Channel/One_2_Mini_RGB_Blanc_Cherry_Black.jpg',5,'clavier','blanc','jaune','60% plus compact que la version classique, le Ducky Channel One 2 Mini RGB dispose de tous les avantages d''une clavier traditionnel le tout dans un format réduit. Ce clavier gamer vous promet la victoire et vous offre notamment une prise en main idéale pour cela.',TRUE),

('CLA-DUC','Aorus','K1 (Cherry MX Red)',109,'Aorus/K1.jpg',4,'clavier','noir','argent','Gagnez en confort et soutenez vos performances de jeu avec le clavier mécanique AORUS K1. Grâce à ses interrupteurs mécaniques Cherry MX Red, le clavier est très réactif et réduit également les nuisances sonores.',TRUE),
('CLA-DUC','Aorus','K9 Optical (Flaretech Red)',1799,'Aorus/K9.jpg',5,'clavier','noir','argent','Véritable arme destructrice, le Aorus K9 Optical vous aidera à faire qu''une bouchée de vos adversaires. En effet, ce clavier est équipé de switches optiques Flaretech qui offrent un temps de réponse inférieur à 0,03 ms afin d''être plus réactif que jamais.',TRUE),

('SOU-ALI','Alienware','310M',79,'Alienware/310M.jpg',7,'souris','noir','cyan','La souris de jeu Alienware 310M a été conçue pour une utilisation intensive et propose une conception robuste ainsi que d''excellente performances en alliant un capteur optique de 12 000 DPI à une autonomie maximale de 300 heures !',FALSE),
('SOU-ALI','Alienware','510M',99,'Alienware/510M.jpg',12,'souris','noir','cyan','La souris Alienware 510M est un redoutable instrument de précision, prêt à vous faire entrer dans une nouvelle ère de performances. Armée d''un capteur optique Alienware 16 000 DPI et de 10 boutons personnalisables à volonté, elle s''adapte à tous les jeux et à tous les styles : à vous la victoire !',FALSE),
('SOU-ALI','Alienware','610M',109,'Alienware/610M_Dark_Side_Of_The_Moon.jpg',15,'souris','Dark Side Of The Moon','cyan','Que vous soyez confortablement installé chez vous ou bien en déplacement, la souris Alienware 610M ne vous laissera pas tomber. En effet, elle dispose à la fois d''un mode filaire USB et d''une batterie lithium-ion haute autonomie pour une utilisation sans fil sur une durée allant jusqu''à 350 heures !',FALSE),
('SOU-ALI','Alienware','610M',109,'Alienware/610M_Lunar_Light.jpg',15,'souris','Lunar Light','cyan','Que vous soyez confortablement installé chez vous ou bien en déplacement, la souris Alienware 610M ne vous laissera pas tomber. En effet, elle dispose à la fois d''un mode filaire USB et d''une batterie lithium-ion haute autonomie pour une utilisation sans fil sur une durée allant jusqu''à 350 heures !',FALSE),
('SOU-ALI','Alienware','AW959',99,'Alienware/AW959.jpg',7,'souris','noir/blanc','cyan','Redoutable en jeu, la souris Alienware Elite AW959 offre une réactivité exceptionnelle pour les jeux de tirs ou tous les gameplay qui demandent de la précision. Équipée d''un capteur optique de 12000 dpi, la souris AW959 transmet chaque mouvement avec une précision et une réactivité optimales.',FALSE),

('SOU-AOR','Aorus','M2',24,'Aorus/M2.jpg',3,'souris','noir','argent','Visez les sommets avec la souris optique Aorus M2 ! Ce modèle ambidextre dispose d''une conception légère, d''un capteur optique 6200 dpi et de 7 boutons programmables. Un rétro-éclairage RGB est également disponible sur le logo pour créer un style qui vous ressemble.',TRUE),
('SOU-AOR','Aorus','M3',59,'Aorus/M3.jpg',2,'souris','noir','argent','La Aorus M3 est une souris filaire qui dispose d''une conception légère, d''un capteur optique 6400 dpi et de 7 boutons programmables. Un rétroéclairage RGB est également disponible sur le logo pour créer un style qui vous ressemble.',TRUE),
('SOU-AOR','Aorus','M4',64,'Aorus/M4.jpg',4,'souris','noir','argent','Ambidextre, la souris filaire Aorus M4 convient parfaitement aux droitiers comme aux gauchers. Embarquant un capteur optique de 6400 dpi ainsi que 8 boutons programmables, vous disposez d''une arme redoutable pour remporter de précieuses victoires. ',TRUE),
('SOU-AOR','Aorus','M5',79,'Aorus/M5.jpg',13,'souris','noir','argent','Vivez des parties intenses grâce à la souris pour gamer Aorus M5 et son capteur laser 16000 dpi. Disposant également de 7 boutons, d''un poids ajustable et d''un rétro-éclairage RGB, la M5 vous assure un maximum de flexibilité de personnalisation afin que la souris et votre main ne fassent qu''un.',TRUE),

('SOU-LOG','Logitech','G Pro HERO',79,'Logitech/G_Pro_HERO.jpg',19,'souris','noir','bleu','Profitez d''une vitesse et une précision exceptionnelles avec la souris Logitech G Pro HERO. Spécialement conçue pour l''eSport, elle intègre un capteur optique Hero de 16 000 dpi pour que chaque mouvement puisse faire mouche.',TRUE),
('SOU-LOG','Logitech','G Pro Wireless',129,'Logitech/G_Pro_Wireless.jpg',13,'souris','noir','bleu','Avec la Logitech G Pro Wireless Gaming Mouse, Logitech s''est associé aux joueurs d''eSports afin de concevoir la souris idéale pour les tournois. Avec une conception classique mais ergonomique, elle intègre un capteur optique Hero 16K qui offre un suivi d''une précision exceptionnelle.',TRUE),
('SOU-LOG','Logitech','G203 LightSync',39,'Logitech/G203_LightSync.jpg',6,'souris','noir','bleu','Avec une conception classique et des lignes simples, la Logitech G203 LightSync offre des performances conformes aux exigences des jeux vidéo en garantissant une réponse quasi instantanée aux mouvements et aux clics.',TRUE),
('SOU-LOG','Logitech','G305 Lightspeed Wireless',59,'Logitech/G305_Lightspeed_Wireless.jpg',7,'souris','blanc','bleu','Profitez d''une expérience sans fil incroyable grâce à la technologie sans fil Lightspeed de la Logitech G305 Lightspeed Wireless Gaming Mouse. En effet, cette dernière vous offre des performances sans fil de niveau professionnel et une fiabilité inégalée.',TRUE),
('SOU-LOG','Logitech','G502 Lightspeed',139,'Logitech/G502_Lightspeed.jpg',24,'souris','noir','bleu','Disposant d''une conception sans fil avec technologie Lightspeed, la Logitech G502 Lightspeed fera de vous une machine redoutable et redoutée. En effet, elle est équipée d''un capteur optique HERO de 16000 dpi pour une précision et une réactivité optimale.',TRUE),
('SOU-LOG','Logitech','G502',60,'logitech/G502.jpg',16,'souris','noir','bleu','description',TRUE),
('SOU-LOG','Logitech','G903 Lightspeed Hero Wireless',149,'Logitech/G903_Lightspeed_Hero_Wireless.jpg',32,'souris','noir','bleu','Extrêmement efficace, la Logitech G903 Lightspeed Hero Wireless Gaming Mouse offre une réactivité exceptionnelle pour les tirs de précision en compétition. Équipée du capteur optique Hero de 16000 dpi, la souris G903 transmet chaque mouvement, et ce, avec une précision et une réactivité optimales.',TRUE),
('SOU-LOG','Logitech','Gaming Pro X Wireless Superlight',149,'Logitech/Gaming_Pro_X__Wireless_Superlight_blanc.jpg',13,'souris','blanc','bleu','Foncez vers la victoire grâce à la souris Logitech Wireless Gaming Pro X Superlight. Nouvelle arme de prédilection des meilleurs athlètes professionnels d''eSports, elle pèse moins de 63 grammes et offre un glissement sans l moindre friction.',TRUE),
('SOU-LOG','Logitech','Gaming Pro X Wireless Superlight',149,'Logitech/Gaming_Pro_X__Wireless_Superlight_noir.jpg',14,'souris','noir','bleu','Foncez vers la victoire grâce à la souris Logitech Wireless Gaming Pro X Superlight. Nouvelle arme de prédilection des meilleurs athlètes professionnels d''eSports, elle pèse moins de 63 grammes et offre un glissement sans l moindre friction.',TRUE),

('SOU-RAZ','Razer','Naga Pro',172,'Razer/Naga_Pro.jpg',6,'souris','noir','vert','Quel que soit le jeu auquel vous jouez, la souris Razer Naga Pro apporte toute l''ergonomie et l''esthétique attendue d''un gamer ! Elle vous permet de configurer votre souris pour tout, que ce soit pour utiliser des armes ou créer des personnalisations, afin que vous écrasiez toujours la concurrence.',TRUE),
('SOU-RAZ','Razer','Naga Trinity',114,'Razer/Naga_Trinity.jpg',4,'souris','noir','vert','Quel que soit le jeu auquel vous jouez, la souris Razer Naga Trinity apporte toute l''ergonomie et l''esthétique attendue d''un gamer ! Elle vous permet de configurer votre souris pour tout, que ce soit pour utiliser des armes ou créer des personnalisations, afin que vous écrasiez toujours la concurrence.',TRUE),
('SOU-RAZ','Razer','Basilisk X HyperSpeed',59,'Razer/Basilisk_X_HyperSpeed.jpg',12,'souris','noir','vert','Quel que soit le type de jeu ou encore votre style de jeu, la Razer Basilisk X HyperSpeed répond toujours présente. Sans fil, cette souris dispose de deux modes de fonctionnement pour vous garantir une liberté incroyable.',TRUE),
('SOU-RAZ','Razer','Deathadder v2',84,'Razer/Deathadder_v2.jpg',7,'souris','noir','vert','Avec la souris Razer DeathAdder v2, offrez-vous une arme redoutable pour venir à bout des plus coriaces adversaires. En effet, elle intègre un capteur optique Razer Focus + de 20000 dpi afin de vous offrir une précision inégalée.',TRUE),
('SOU-RAZ','Razer','Deathadder v2 Pro',159,'Razer/Deathadder_v2_Pro.jpg',3,'souris','noir','vert','Venez à bout des adversaires les plus coriaces avec la souris Razer DeathAdder v2 Pro et sa double connectivité sans fil RF 2.4 GHz/Bluetooth 5.0. Offrant une totale liberté de mouvement et de contrôle, elle intègre un capteur optique Razer Focus+ de 20000 dpi et 8 boutons programmables.',TRUE),
('SOU-RAZ','Razer','Pro Click',114,'Razer/Pro_Click.jpg',4,'souris','blanc','vert','Conçue en collaboration avec les experts mondiaux en ergonomie bureautique Humanscale, la Razer Pro Click vous offre un confort d''utilisation incroyable. En effet, elle soutient mieux votre paume et empêche votre poignet de peser sur la surface où vous travaillez, soulageant la douleur.',TRUE),

('SOU-STE','SteelSeries','Aerox 3 Wireless',109,'SteelSeries/Aerox_3_Wireless.jpg',7,'souris','noir','orange','Ultralégère, la souris SteelSeries Aerox 3 Wireless permet un maniement sans effort pendant 200 heures d''utilisation. Équipée d''un capteur optique exclusif TrueMove Air de 18000 dpi et d''une double connexion sans fil Bluetooth/RF 2.4 GHz, elle offre une vitesse et une précision incroyables.',TRUE),
('SOU-STE','SteelSeries','Aerox 3',69,'SteelSeries/Aerox_3.jpg',12,'souris','noir','orange','Ultralégère, la souris SteelSeries Aerox 3 permet un maniement sans effort. Équipée d''un capteur optique exclusif TrueMove Core de 8500 dpi, et de patins en PTFE, elle offre une vitesse et une précision incroyable pour améliorer votre expérience de jeu.',TRUE),
('SOU-STE','SteelSeries','Rival 710',99,'SteelSeries/Rival_710.jpg',11,'souris','noir','orange','Accédez à un niveau de performance jamais atteint avec la SteelSeries Rival 710. Équipée du capteur optique exclusif TrueMove3, la distance parcourue sur votre tapis de souris sera la même réalisée à l''écran et sans latence ni interpolation.',TRUE),
('SOU-STE','SteelSeries','Sensei 310',54,'SteelSeries/Sensei_310.jpg',8,'souris','noir','orange','La souris SteelSeries Sensei 310 propose une expérience eSport totale grâce à son capteur optique 12 000 dpi TrueMove3. Performant et précis, il assure un suivi 1:1 sans latence pour une efficacité redoutable. Profitez d''un design ambidextre, de 8 boutons programmables et d''un rétro-éclairage RGB.',TRUE),
('SOU-STE','SteelSeries','Rival 310',54,'SteelSeries/Rival_310.jpg',9,'souris','noir','orange','Vivez des moments intenses avec la souris SteelSeries Rival 310. Digne représentante de l''eSport, elle embarque un capteur optique TrueMove3 pour un suivi 1:1 précis sans latence. Profitez d''une sensibilité jusqu''à 12 000 dpi, de 6 boutons programmables et d''un rétro-éclairage RGB sur 2 zones.',TRUE),

('SOU-MIL','Millenium','Optic 1 Advanced',39,'Millenium/Optic_1_Advanced.jpg',28,'souris','noir','violet','Version améliorée de la Millenium Optic 1, la Millenium Optic 1 Advanced vous permet d''augmenter votre vitesse et votre précision grâce à son capteur optique allant jusqu''à 8000 dpi. Complété d''une fréquence d''envoi 1000 Hz, bénéficiez d''une réactivité accrue.',TRUE),
('SOU-MIL','Millenium','Optic 1',19,'Millenium/Optic_1.jpg',16,'souris','noir','violet','Excellez dans les jeux qui requièrent une rapidité et une précision sans faille avec la Millenium Optic 1. Cette souris pour gamer est dotée d''un capteur optique allant jusqu''à 4000 dpi pour un déplacement rapide et précis en jeu',TRUE),

('SOU-COR','Corsair','Dark Core Pro',109,'Corsair/Dark_Core_Pro.jpg',12,'souris','noir','jaune','Proposant une connexion filaire (USB) et non filaire (Bluetooth/RF), la souris Dark Core RGB Pro de Corsair vous donne un avantage certain sur tous vos adversaires. Équipée d''un capteur optique de 18 000 dpi, elle offre des performances de gaming exceptionnelles.',TRUE),
('SOU-COR','Corsair','Gaming Scimitar Elite',99,'Corsair/Gaming_Scimitar_Elite.jpg',9,'souris','noir','jaune','Foncez vers la victoire avec la Corsair Gaming Scimitar RGB Elite. Cette souris dispose de 17 boutons programmables ainsi qu''un capteur optique de 18 000 dpi afin de vous permettre de terrasser vos adversaires sur les jeux MOBA et MMO.',TRUE),
('SOU-COR','Corsair','Glaive PRO',89,'Corsair/Glaive_PRO.jpg',12,'souris','noir','jaune','Jouez dans la cour des grands aux commandes de la souris Corsair Glaive RGB Pro et atteignez vos objectifs en toute maîtrise ! Profitez d''un confort supérieur avec grip interchangeable et d''une performance professionnelle avec un capteur optique 18 000 dpi ajustable et 7 boutons programmables.',TRUE),
('SOU-COR','Corsair','Ironclaw Wireless',89,'Corsair/Ironclaw_Wireless.jpg',15,'souris','noir','jaune','Réussissez votre quête et atteignez vos objectifs avec la souris Corsair Ironclaw RGB Wireless dans votre arsenal. Alliant parfaitement performances, confort et personnalisation, ce modèle vous mènera directement vers la victoire pour un futur qui s''annonce grandiose !',TRUE),
('SOU-COR','Corsair','Gaming Nightsword',89,'Corsair/Gaming_Nightsword.jpg',13,'souris','noir','jaune','8 boutons programmables, éclairage LED RGB  4 zones, poids ajustable de 119 gr à 141 gr et sensibilité réglable au DPI près, la Corsair Nightsword RGB vous permettra de relever tous les défis en s''adaptant à votre style de jeu.',TRUE),
('SOU-COR','Corsair','Gaming M65 Pro',74,'Corsair/Gaming_M65_Pro.jpg',9,'souris','noir','jaune','Aux commandes de votre souris optique Corsair Gaming M65 Pro RGB, vous allez pouvoir mettre toutes les chances de votre côté. Dotée d''un capteur optique de 12000 DPI, d''un bouton sniper et de trois zones d''éclairage personnalisables, cette souris sera un partenaire redoutable !',TRUE),
('SOU-COR','Corsair','Gaming M65 Elite',74,'Corsair/Gaming_M65_Elite.jpg',12,'souris','noir','jaune','Aux commandes de votre souris optique Corsair Gaming M65 RGB Elite, vous allez pouvoir mettre toutes les chances de votre côté. Dotée d''un capteur optique de 18000 DPI, d''un bouton sniper et de deux zones d''éclairage personnalisables, cette souris sera un partenaire redoutable !',TRUE),

('CHA-AKR','AKRacing','Core EX',249,'AKRacing/Core_EX.jpg',23,'chaise','noir','rouge','Parfait pour les soutiens aux lombaires, le siège AKRacing Core EX vous permettra d''oublier les problèmes liés à une mauvaise posture. En effet, la courbe ergonomique du siège suit naturellement la courbe du bas du dos.',FALSE),
('CHA-AKR','AKRacing','Core LX Plus',349,'AKRacing/Core_LX_Plus.jpg',12,'chaise','noir','rouge','Avec le AKRacing Core LX Plus, vous disposez d''un confort toujours plus important. Le LX Plus offre le meilleur confort de la gamme Core et est un mélange de design futuriste et de courbes douces. Et avec sa mousse durcie à froid, il offre un confort indéniable, même pendant de longues heures.',FALSE),
('CHA-AKR','AKRacing','Core EX',249,'AKRacing/Core_EX_noir_rouge.jpg',2,'chaise','noir,rouge','rouge','Parfait pour les soutiens aux lombaires, le siège AKRacing Core EX vous permettra d''oublier les problèmes liés à une mauvaise posture. En effet, la courbe ergonomique du siège suit naturellement la courbe du bas du dos.',FALSE),
('CHA-AKR','AKRacing','Onyx',399,'AKRacing/Onyx.jpg',14,'chaise','noir','rouge','Le AKRacing Onyx est un siège en similicuir qui offre une ergonomie avancée afin de vous offrir la meilleure des positions. Inclinable à 180°, il est également capable de soutenir jusqu''à 150 kg.',FALSE),
('CHA-AKR','AKRacing','California',349,'AKRacing/California.jpg',12,'chaise','rose','rouge','Inspiré par le célèbre État américain, le fauteuil AKRacing California est idéal pour les personnes à petits gabarits ou les silhouettes menues. Tout en couleur, il vous permet de trouver votre posture idéale afin de ne pas subir de mal de dos.',FALSE),
('CHA-AKR','AKRacing','Onyx Deluxe',499,'AKRacing/Onyx_Deluxe.jpg',21,'chaise','noir','rouge','La Onyx Deluxe est la première chaise en cuir véritable d''AKRacing. Son nouveau cadre en métal toujours plus résistant vous garantira une ergonomie et un confort maximum. Inclinable à 180°, il est également capable de soutenir jusqu''à 150 kg.',FALSE),
('CHA-AKR','AKRacing','Pro Deluxe',649,'AKRacing/Pro_Deluxe.jpg',11,'chaise','noir','rouge','Avec son design sobre et raffiné, le AKRacing Pro Deluxe ne laisse personne indifférent. Offrant un confort à toute épreuve, il est à l''aise dans tous les domaines, que ce soit pour des sessions de jeu, de travail ou des moments détentes, il répond toujours présent.',FALSE),

('CHA-DXR','DXRacer','Formula F11',299,'DXRacer/Formula_F11.jpg',6,'chaise','noir','blanc','La majorité de sièges de bureau en vente ont des dossiers bas ce qui ne permet pas de soutenir votre cou. Le fauteuil de bureau DXRacer Formula F11 a surmonté ce problème avec succès. Il vous permet de retenir un angle assis aux hanches de 90 degrés.',FALSE),
('CHA-DXR','DXRacer','Formula F08',299,'DXRacer/Formula_F08.jpg',4,'chaise','orange','blanc','Le siège gaming DXRacer Formula F08 offre aux joueurs une position idéale avec un design haut, un dossier inclinable, des accoudoirs 3D et la possibilité de régler la hauteur. Sa finition élégante en similicuir associe confort et esthétisme pour le plus grand plaisir des gamers.',FALSE),
('CHA-DXR','DXRacer','Tank T29',499,'DXRacer/Tank_T29.jpg',8,'chaise','blanc','blanc','En proposant un confort supérieur, le siège gamer DXRacer Tank T29 vous accompagne idéalement dans votre quête de la victoire. Base en aluminium associé à un revêtement en similicuir, accoudoirs 4D, dossier inclinable jusqu''à 120° et charge maximale de 150 kg, les qualités sont au rendez-vous !',FALSE),

('CHA-SOG','Spirit of Gamer','Demon',229,'Spirit_of_Gamer/Demon.jpg',12,'chaise','noir','noir','Installez-vous confortablement devant votre ordinateur dans le siège Spirit of Gamer Demon avec son assise agréable, son revêtement similicuir et ses accoudoirs 2D. Élégant avec son coloris noir et rouge et son design baquet, il offre une position idéale pour affronter les longues sessions gaming.',FALSE),

('CHA-REK','REKT','RGo Max Business',749,'REKT/RGo_Max_Business.jpg',3,'chaise','noir','orange','Avec son design élégant et sobre, le fauteuil REKT RGo Max Business répond parfaitement à tous vos besoins. Sa conception ergonomique offre une position optimale pour minimiser les douleurs et vous apporter un confort permanent au quotidien.',FALSE),

('CHA-NOB','Noblechairs','Epic',399,'Noblechairs/Epic.jpg',9,'chaise','noir','noir','En similicuir, le Noblechairs Epic est un siège pour gamer inclinable jusqu''à 135°, et capable de soutenir jusqu''à 120 kg. Il est orné d''un motif en losange qui va permettre une aération optimale du siège même en été.',FALSE),
('CHA-NOB','Noblechairs','Hero Cuir',699,'Noblechairs/Hero_Cuir.jpg',4,'chaise','noir','noir','Avec son siège HERO, Noblechairs propose à tous les joueurs d''adopter une position de jeu idéale en profitant de multiples possibilités de réglages avancés. Ce fauteuil de jeu pensé en étroite collaboration avec des professionnels de l''esport se veut haut de gamme.',FALSE),
('CHA-NOB','Noblechairs','Icon Cuir',699,'Noblechairs/Icon_Cuir.jpg',3,'chaise','noir','cognac','Directement inspiré de la Porsche 911, le siège en cuir Icon Cuir de Noblechairs vous offrira une assise confortable. Réglable en plusieurs points, vous allez notamment pouvoir l''incliner jusqu''à 135° ou modifier horizontalement et verticalement vos accoudoirs',FALSE),

('CHA-COR','Corsair','T1 Race V2 (noir/blanc)',499,'Corsair/T1_Race_V2_noir_blanc.jpg',2,'chaise','noir,blanc','jaune','Avec un design inspiré des sports automobiles et conçu à l''aide de matériaux de haute qualité, le siège Corsair T1 Race sera l''allié idéal dans tous vos jeux et vos parties les plus intenses pour une expérience de jeu professionnelle.',FALSE),
('CHA-COR','Corsair','T1 Race V2 (noir/bleu)',499,'Corsair/T1_Race_V2_noir_bleu.jpg',6,'chaise','noir,bleu','jaune','Avec un design inspiré des sports automobiles et conçu à l''aide de matériaux de haute qualité, le siège Corsair T1 Race sera l''allié idéal dans tous vos jeux et vos parties les plus intenses pour une expérience de jeu professionnelle.',FALSE),
('CHA-COR','Corsair','T2 Road Warrior (noir/blanc)',599,'Corsair/T2_Road_Warrior_noir_blanc.jpg',8,'chaise','noir,blanc','jaune','Avec un design inspiré des sports automobiles et conçu à l''aide de matériaux de haute qualité, le siège Corsair T2 Road Warrior sera l''allié idéal dans tous vos jeux et vos parties les plus intenses pour une expérience de jeu professionnelle.',FALSE),
('CHA-COR','Corsair','T2 Road Warrior (noir/jaune)',599,'Corsair/T2_Road_Warrior_noir_jaune.jpg',9,'chaise','noir,jaune','jaune','Avec un design inspiré des sports automobiles et conçu à l''aide de matériaux de haute qualité, le siège Corsair T2 Road Warrior sera l''allié idéal dans tous vos jeux et vos parties les plus intenses pour une expérience de jeu professionnelle.',FALSE),
('CHA-COR','Corsair','T2 Road Warrior (noir/bleu)',599,'Corsair/T2_Road_Warrior_noir_bleu.jpg',6,'chaise','noir,bleu','jaune','Avec un design inspiré des sports automobiles et conçu à l''aide de matériaux de haute qualité, le siège Corsair T2 Road Warrior sera l''allié idéal dans tous vos jeux et vos parties les plus intenses pour une expérience de jeu professionnelle.',FALSE),

('CHA-MIL','Millenium','Chair',299,'Millenium/Chair.jpg',3,'chaise','noir','violet','Excellent choix pour jouer confortablement et avec style pendant des heures, le siège Millenium Chair deviendra vite indispensable à vos sessions de gaming. Avec son design sobre et élégant, vous pourrez en faire votre compagnon de bureau sans dénaturer votre intérieur.',FALSE),

('CHA-RAZ','Razer','Iskur',549,'Razer/Iskur.jpg',3,'chaise','noir','vert','Conçu spécialement pour les longues sessions de jeu, le siège Razer Iskur vous permet de conserver une posture parfaite. Entièrement réglable, vous allez pouvoir notamment trouver une posture en fonction de votre activité.',FALSE),

('CHA-RAZ','Aorus','GC300',399,'Aorus/GC300.jpg',3,'chaise','noir,orange','argent','Les succès ne sont jamais garantis, mais vous pouvez multiplier vos chances de réussite grâce au sublime fauteuil GC300 d''AORUS. En effet, ergonomique, robuste et ultra confortable, ce fauteuil vous met dans les meilleures conditions et dispositions pour faire face à toutes les confrontations.',FALSE),

('ENC-BOS','Bose','Companion 50',399,'Bose/Companion_50.jpg',12,'enceinte','argent','argent','Le système Bose à trois enceintes d''ordinateur délivre un son multicanal qui semble vous envelopper, sans l''encombrement d''une installation à cinq enceintes et prend en charge les musiques, jeux et films encodés en 5.1.',FALSE),
('ENC-BOS','Bose','Companion 20',276,'Bose/Companion_20.jpg',9,'enceinte','argent','argent','Optimisez les performances audio de votre ordinateur avec le système d''enceintes multimédia Companion® 20. Ce système à deux enceintes le plus performant vous offre un son riche et naturel, que vous soyez devant votre ordinateur ou de l''autre côté de la pièce.',FALSE),
('ENC-BOS','Bose','Companion 2 Serie 3',99,'Bose/Companion_2_Serie_3.jpg',16,'enceinte','noir','argent','Vous aimez écouter de la musique, jouer à des jeux vidéo et regarder des films sur votre ordinateur ? Essayez le système d''enceintes multimédia Companion® 2 Série III. Vous profiterez de performances résolument supérieures à celles de vos enceintes d''origine, à un prix très abordable.',FALSE),

('ENC-JBL','JBL','Quantum Duo',149,'JBL/Quantum_Duo.jpg',2,'enceinte','noir,bleu','autre','Le savoir-faire acoustique JBL pointe le bout de son nez dans l''univers gaming et présente ses enceintes PC Quantum Duo. Portées par un son immersif, réaliste et précis, elles vous plongeront directement au coeur de l''action. Découvrez également un éclairage RGB personnalisable et synchronisable.',FALSE),

('ENC-LOG','Logitech','G560',255,'logitech/G560.jpg',13,'enceinte','noir','bleu','Découvrez une nouvelle façon d''entendre vos jeux grâce au kit d''enceintes multimédia Logitech G560. En effet, le kit est doté de la technologie Lightsync afin de vous plonger au coeur de l''action.',TRUE),
('ENC-LOG','Logitech','Z533',93,'logitech/Z533.jpg',10,'enceinte','noir','bleu','Avec une puissance RMS de 60 watts (pouvant atteindre les 120 watts en puissance de crête), le système de haut-parleurs multimédia Logitech Multimedia Speakers System Z533 offre un son puissant avec des basses améliorées et des aigus précis pour un son riche, ample et puissant.',FALSE),
('ENC-LOG','Logitech','Z200',39,'logitech/Z200.jpg',15,'enceinte','noir','bleu','Avec une puissance de crête de 10 watts (5 Watts RMS), les haut-parleurs Logitech Z200 Multimedia Speakers au design moderne offrent un son riche et clair. Deux transducteurs par haut-parleur génèrent un son stéréo équilibré et une acoustique impeccable pour une immersion sonore totale.',FALSE),
('ENC-LOG','Logitech','Z625',199,'logitech/Z625.jpg',12,'enceinte','noir','bleu','Le système 2.1 Logitech Z625 Powerful THX Sound product un son grandiose d''une puissance de 200 watts (130 watts RMS pour le caisson de graves et 2 x 35 watts RMS pour les satellites), certifié THX. Profitez d''un son qui rendra votre musique, vos films et vos jeux encore plus vivants.',FALSE),
('ENC-LOG','Logitech','Z407',89,'logitech/Z407.jpg',6,'enceinte','noir','bleu','Avec l''ensemble Logitech Z407, profitez d''un son immersif et réaliste. En effet, avec une puissance de 40W RMS associée à un traitement numérique du signal (DSP), vous obtenez des aigus cristallins et des graves puissants pour une immersion totale.',FALSE),
('ENC-LOG','Logitech','Z333',67,'logitech/Z333.jpg',7,'enceinte','noir','bleu','Avec ses 40 watts RMS, le système Logitech Multimedia Speakers Z333 offre un son puissant, immersif, net, clair et équilibré. Le caisson de basses situé à l''avant dispose d''un transducteur de 5" pour une réponse des basses profonde.',FALSE),
('ENC-LOG','Logitech','Z906',349,'logitech/Z906.jpg',1,'enceinte','noir','bleu','Avec une puissance de diffusion de 500 watts (RMS), ce système 5.1 certifié THX product un son de qualité cinéma. Profitez d''un contrôle total sur votre système multimédia grâce à ses entrées numériques et analogiques, un pupitre de order facile à lire et empilable et une télécommande sans fil.',FALSE),

('ENC-RAZ','Razer','Nommo',199,'Razer/Nommo.jpg',2,'enceinte','noir','vert','Avec la Razer Nommo, immergez-vous complètement dans votre expérience vidéoludique grâce à de haut-parleurs conçus pour obtenir une extrême clarté et une gamme complète de sons. Ce kit 2.0 vous emmène dans une nouvelle dimension qui efface la limite entre la fiction et la réalité.',FALSE),
('ENC-RAZ','Razer','Nommo Chroma',179,'Razer/Nommo_Chroma.jpg',6,'enceinte','noir','vert','Avec la Razer Nommo Chroma, immergez-vous complètement dans votre expérience vidéoludique grâce à de haut-parleurs conçus pour obtenir une extrême clarté et une gamme complète de sons. Ce kit 2.0 vous emmène dans une nouvelle dimension qui efface la limite entre la fiction et la réalité.',TRUE),
('ENC-RAZ','Razer','Nommo Pro',599,'Razer/Nommo_Pro.jpg',3,'enceinte','noir','vert','Vivez une expérience unique grâce à la technologie du son Virtuel Surround des enceintes Razer Nommo Pro. Ce kit 2.1 transforme votre façon dont vous écoutez la musique, regardez des films ou jouez à vos jeux préférés.',TRUE),
('ENC-RAZ','Razer','Leviathan',249,'Razer/Leviathan.jpg',7,'enceinte','noir','vert','La barre de son surround 5.1 Razer Leviathan se place facilement sous un écran de bureau ou une console de salon. Cette barre de son polyvalente est dotée de la technologie de pointe Dolby, de haut-parleurs de qualité supérieure, et d''un caisson de graves dédié.',FALSE),


('TAP-LOG','Logitech','G240',19,'logitech/G240.jpg',4,'tapis de souris','noir','bleu','Le tapis de souris Logitech G240 Cloth Gaming Mouse Pad présente une surface en tissu à faible friction, parfaitement adaptée au jeu haute résolution, améliorant le contrôle de la souris et permettant un placement précis du curseur.',FALSE),
('TAP-LOG','Logitech','G440',38,'logitech/G440.jpg',23,'tapis de souris','noir','bleu','Le tapis de souris Logitech G440 présente une surface en polymère rigide à faible friction, parfaitement adaptée au jeu haute résolution, améliorant le contrôle de la souris et permettant un placement précis du curseur.',FALSE),
('TAP-LOG','Logitech','G440 Hard Gaming',32,'logitech/G440_Hard_Gaming.jpg',9,'tapis de souris','noir','bleu','Le tapis de souris Logitech G440 présente une surface en polymère rigide à faible friction, parfaitement adaptée au jeu haute résolution, améliorant le contrôle de la souris et permettant un placement précis du curseur.',FALSE),
('TAP-LOG','Logitech','G640',39,'logitech/G640.jpg',7,'tapis de souris','noir','bleu','Le tapis de souris Logitech G640 Cloth Gaming Mouse Pad présente une surface en tissu à faible friction, parfaitement adaptée au jeu haute résolution, améliorant le contrôle de la souris et permettant un placement précis du curseur.',FALSE),
('TAP-LOG','Logitech','G840 XL',57,'logitech/G840_XL.jpg',12,'tapis de souris','noir','bleu','Idéal pour accueillir tous vos équipements, le tapis de souris Logitech G840 XL Gaming Mouse Pad recouvrira l''intégralité de votre bureau. La texture homogène de la surface améliore les performances des capteurs, tout particulièrement avec les souris de jeu Logitech G.',FALSE),
('TAP-LOG','Logitech','Powerplay',139,'logitech/Powerplay.jpg',16,'tapis de souris','noir','bleu','Avec le Logitech Powerplay, bienvenue dans le futur du gaming sans fil, placé sous le signe d''une technique avancée et d''une conception inégalée. Le module Powercore transforme le champ énergétique du système Powerplay en courant de charge et se lie magnétiquement aux souris pour la recharger.',FALSE),

('TAP-MIL','Millenium','Surface S',9,'Millenium/Surface_S.jpg',4,'tapis de souris','noir','violet','Tapis de souris de qualité, le Millenium Surface S est parfaitement adapté à tous les types de surface et dispose d''une base antidérapante afin de vous permettre d''effectuer de grand mouvement sans que le tapis ne bouge.',FALSE),
('TAP-MIL','Millenium','Surface M',12,'Millenium/Surface_M.jpg',5,'tapis de souris','noir','violet','Tapis de souris de qualité, le Millenium Surface M est parfaitement adapté à tous les types de surface et dispose d''une base antidérapante afin de vous permettre d''effectuer de grand mouvement sans que le tapis ne bouge.',FALSE),
('TAP-MIL','Millenium','Surface L',19,'Millenium/Surface_L.jpg',6,'tapis de souris','noir','violet','Tapis de souris de qualité, le Millenium Surface L est parfaitement adapté à tous les types de surface et dispose d''une base antidérapante afin de vous permettre d''effectuer de grand mouvement sans que le tapis ne bouge.',FALSE),
('TAP-MIL','Millenium','Surface XL',29,'Millenium/Surface_XL.jpg',16,'tapis de souris','noir','violet','Tapis de souris de qualité, le Millenium Surface XL est parfaitement adapté à tous les types de surface et dispose d''une base antidérapante afin de vous permettre d''effectuer de grand mouvement sans que le tapis ne bouge.',FALSE),
('TAP-MIL','Millenium','Surface RGB',42,'Millenium/Surface_RGB.jpg',14,'tapis de souris','noir','violet','Tapis de souris de qualité, le Millenium Surface RGB vous offre la possibilité de donner un look unique à votre setup. Disposant d''une bande RGB personnalisable, il sera un allié de choix pour vos combats.',TRUE),

('TAP-STE','SteelSeries','QcK Prism Cloth 3XL',119,'SteelSeries/QcK_Prism_Cloth_3XL.jpg',17,'tapis de souris','noir','orange','Ne manquez plus jamais d''espace pour vos périphériques grâce au SteelSeries QcK 3XL. Conçu pour les gamers, il intègre des LED RGB sur tous les côtés du tapis avec 16,8 millions de couleurs  que vous pourrez régler.',TRUE),
('TAP-STE','SteelSeries','QcK Prism Cloth (Extra Large)',69,'SteelSeries/QcK_Prism_Cloth_Extra_Large.jpg',12,'tapis de souris','noir','orange','Le SteelSeries QcK Prism Cloth est un tapis de souris qui va vous offrir un contrôle absolu tout en vous immergeant dans votre jeu. Conçu pour les gamers, il intègre des LED RGB sur tous les côtés du tapis avec 16,8 millions de couleurs  que vous pourrez régler.',TRUE),
('TAP-STE','SteelSeries','QcK 3XL',59,'SteelSeries/QcK_3XL.jpg',13,'tapis de souris','noir','orange','Ne manquez plus jamais d''espace pour vos périphériques grâce au SteelSeries QcK 3XL. Ce tapis haute performance de très grande taille vous offre une couverture totale de votre bureau afin de vous permettre d''installer confortablement votre souris et votre clavier.',FALSE),
('TAP-STE','SteelSeries','QcK Heavy XXL',44,'SteelSeries/QcK_Heavy_XXL.jpg',6,'tapis de souris','noir','orange','Le SteelSeries QcK Heavy XXL est un tapis haute performance de très grande taille. Il est consitué des mêmes matériaux que le célèbre QcK, avec un format bien plus imposant, pour le clavier et la souris. Il est compatible avec tous les types de souris.',FALSE),
('TAP-STE','SteelSeries','QcK Prism Cloth (Medium)',49,'SteelSeries/QcK_Prism_Cloth_Medium.jpg',11,'tapis de souris','noir','orange','Le SteelSeries QcK Prism Cloth est un tapis de souris qui va vous offrir un contrôle absolu tout en vous immergeant dans votre jeu. Conçu pour les gamers, il intègre des LED RGB sur tous les côtés du tapis avec 16,8 millions de couleurs  que vous pourrez régler.',TRUE),

('TAP-COR','Corsair','MM800C RGB Polaris',79,'Corsair/MM800C_RGB_Polaris.jpg',16,'tapis de souris','noir','jaune','Affichez clairement vos intentions avec le tapis de souris Corsair MM800C Polaris. Un modèle avec rétro-éclairage multicolore personnalisable et surface textile tissé pour une grande précision, même à pleine vitesse. Ce tapis dispose également d''une base antidérapante et de son propre port USB.',TRUE),
('TAP-COR','Corsair','MM500 (Extended 3XL)',54,'Corsair/MM500_Extended_3XL.jpg',16,'tapis de souris','noir','jaune','Jouez dans des conditions extrêmement confortables grâce au tapis de souris Corsair Gamming MM500. Optimisé pour la performance, ce tapis de souris de 1220 x 610 mm offre beaucoup de place pour votre souris, votre clavier, votre écran et bien plus encore.',FALSE),

('TAP-RAZ','Razer','Firefly v2 Chroma',69,'Razer/Firefly_v2_Chroma.jpg',16,'tapis de souris','noir','vert','Version améliorée du Firefly, le Firefly v2 Chroma est conçu principalement pour le gaming. Ultrafin, ce tapis de souris possède également un rétroéclairage RGB Chroma afin d''illuminer vos parties.',TRUE),
('TAP-RAZ','Razer','Goliathus Chroma Extended (Taille XL)',79,'Razer/Goliathus_Chroma_Extended_Taille_XL.jpg',16,'tapis de souris','noir','vert','Prêt à illuminer chacune de vos victoires, le tapis de souris Razer Goliathus Chroma Extended vous offre rapidité et précision, le tout dans un magnifique spectre de couleurs. La surface précise et uniforme vous garantit que chaque mouvement de la souris se traduit en un mouvement du curseur.',FALSE),
('TAP-RAZ','Razer','Goliathus Chroma Extended Quartz Edition (Taille XL)',69,'Razer/Goliathus_Chroma_Extended_Quartz_Edition_Taille_XL.jpg',16,'tapis de souris','blanc','vert','Prêt à illuminer chacune de vos victoires, le tapis de souris Razer Goliathus Chroma Extended vous offre rapidité et précision, le tout dans un magnifique spectre de couleurs. La surface précise et uniforme vous garantit que chaque mouvement de la souris se traduit en un mouvement du curseur.',FALSE),

('TAP-DUC','Ducky Channel','Flipper Extra R',29,'Ducky_Channel/Flipper_Extra_R.jpg',16,'tapis de souris','noir','jaune','Le Ducky Channel Flipper Extra R est conçu pour satisfaire les hautes exigences des véritables gamers. Grâce à sa surface finement texturée, ce tapis de souris offre confort et précision.',FALSE);


INSERT INTO basket (idUser, createdBasket) VALUES
(1,'2020/12/17'),
(2,'2020/12/16'),
(3,'2020/12/15'),
(4,'2020/12/14');

INSERT INTO product_basket (idProduct, idBasket, quantity) VALUES
(1,1,2),
(1,2,1),
(2,2,1),
(3,2,1),
(6,3,1),
(7,3,1),
(1,4,1),
(4,4,1),
(5,4,1);

INSERT INTO allOrder (idUser, idBasket, date, totalPrice) VALUES
(1,1,'2020/12/17',400),
(2,2,'2020/12/17',500),
(3,3,'2020/12/17',600),
(4,4,'2020/12/17',700);
 